Artist,Album,Score,acousticness,danceability,energy,instrumentalness,liveness,speechiness,valence
Meek Mill,Championships,5,0.10066115789473684,0.6581052631578946,0.6933684210526317,3.7210526315789476e-07,0.2587315789473684,0.23942631578947368,0.38526315789473686
Soap&Skin,From Gas to Solid / You Are My Friend,4,0.7516366666666666,0.3786666666666667,0.2638833333333333,0.25898958333333333,0.11712499999999999,0.033516666666666674,0.1434
"Black Thought, Salaam Remi","Streams of Thought, Vol. 2",7,0.16151111111111113,0.6419999999999999,0.7777777777777778,3.6466666666666668e-06,0.1562666666666667,0.36000000000000004,0.4828888888888889
XXXTENTACION,Skins,2,0.537201,0.6348,0.375423,0.14927403999999997,0.16046999999999997,0.18248000000000003,0.49030000000000007
Ski Mask the Slump God,Stokeley,6,0.1532153846153846,0.8394615384615386,0.5139230769230768,4.628384615384615e-05,0.17346153846153853,0.2642,0.5459230769230771
The 1975,A Brief Inquiry Into Online Relationships,6,0.40003084666666666,0.4682666666666667,0.5132666666666666,0.018795468666666666,0.1258266666666667,0.06986,0.2808
Earl Sweatshirt,Some Rap Songs,8,0.29425599999999996,0.4159333333333333,0.7425333333333334,0.03890742266666667,0.4706666666666666,0.24175333333333335,0.5894
Kai Whiston,Kai Whiston Bitch,7,0.07627272727272726,0.5857272727272728,0.8030909090909092,0.10841218181818184,0.26875454545454547,0.22144545454545456,0.3862727272727273
J.I.D,DiCaprio 2,8,0.18996928571428567,0.7004285714285714,0.6621428571428573,0.00024233785714285717,0.3061857142857143,0.33821428571428575,0.43808571428571424
6ix9ine,Dummy Boy,4,0.1225953846153846,0.7720000000000001,0.7125384615384616,1.163076923076923e-06,0.1366692307692308,0.18810769230769228,0.5407692307692308
"Tyler,the Creator",Music Inspired by Illumination & Dr. Seuss' The Grinch,3,0.2670633333333333,0.6123333333333333,0.4283333333333334,0.23728288333333333,0.1368,0.07545,0.40599999999999997
Muse,Simulation Theory,5,0.2600100476190476,0.5191428571428571,0.7229999999999999,0.06065989333333334,0.2150142857142857,0.05958571428571429,0.39336666666666664
Trippie Redd,A Love Letter To You 3,7,0.13930875,0.67625,0.585125,0.0003096875,0.1472125,0.10103749999999999,0.29243749999999996
Jaden Smith,The Sunset Tapes: A Cool Tape Story,2,0.4921454545454546,0.5571818181818181,0.5258181818181819,0.14553056363636363,0.1602,0.16354545454545458,0.42045454545454547
Anderson .Paak,Oxnard,8,0.05492071428571428,0.6905714285714286,0.7098571428571431,3.0104285714285715e-05,0.2123785714285714,0.21216428571428572,0.545
Action Bronson,White Bronco,5,0.3765818181818182,0.5492727272727272,0.7566363636363636,5.790909090909091e-07,0.3747909090909091,0.30507272727272733,0.6403636363636364
Jeffrey Lewis,Works by Tuli Kupferberg (1923-2010),7,0.4846600000000001,0.4392666666666667,0.4336666666666666,0.000889934,0.16180666666666668,0.0433,0.5166666666666667
Sun Kil Moon,This Is My Dinner,6,0.8870000000000001,0.5344,0.2958,0.320894,0.1286,0.10672,0.2831
Metro Boomin,Not All Heroes Wear Capes,6,0.33579538461538466,0.7060769230769229,0.37194615384615387,0.41534987692307695,0.16221153846153843,0.16016538461538465,0.3144538461538462
Takeoff,The Last Rocket,4,0.18184999999999998,0.7875833333333335,0.628,8.174999999999999e-07,0.19785833333333336,0.21803333333333333,0.36100000000000004
"Curren$y, Freddie Gibbs, The Alchemist",Fetti,7,0.26512222222222226,0.5048888888888889,0.6023333333333333,4.4577777777777774e-05,0.3018888888888889,0.2188777777777778,0.42963333333333337
Poppy,Am I a Girl?,7,0.09550857142857141,0.6303571428571428,0.6936642857142857,0.0750299457142857,0.20622857142857146,0.08171428571428573,0.46138571428571434
Rosalía,El mal querer,8,0.6872636363636364,0.601090909090909,0.3806181818181818,0.004751510909090909,0.1447909090909091,0.07229090909090909,0.3724545454545455
Vince Staples,FM!,7,0.3309545454545454,0.8283636363636364,0.6726363636363637,9.791181818181817e-05,0.36527272727272725,0.22472727272727272,0.531
Julia Holter,Aviary,8,0.08595166666666666,0.6054166666666667,0.7939999999999999,0.0003423608333333334,0.25129166666666664,0.07270833333333333,0.4535
Daughters,You Won't Get What You Want,10,0.000911876,0.43079999999999996,0.7622,0.312184844,0.33679,0.06193,0.31225
Current 93,The Light Is Leaving Us All,8,0.843,0.36399999999999993,0.3773636363636364,0.022129604545454547,0.20869090909090912,0.043954545454545454,0.23235454545454548
Kurt Vile,Bottle It In,6,0.3037361538461539,0.5740000000000001,0.6674615384615384,0.359907,0.16355384615384613,0.03171538461538462,0.5803846153846154
Joji,Ballads 1,5,0.5384166666666667,0.6040833333333334,0.4825833333333333,0.2750116666666667,0.13334166666666666,0.07145833333333333,0.32995
Lil Yatchy,Nuthin' 2 Prove,2,0.23303999999999997,0.8116666666666668,0.5420666666666666,0.008230741333333335,0.16206666666666666,0.28054,0.37041999999999997
Open Mike Eagle,What Happens When I Try To Relax,7,0.42045,0.6701666666666667,0.6671666666666667,1.2138333333333334e-05,0.14705,0.26653333333333334,0.433
"Future, Juice WRLD",WRLD on Drugs,5,0.09288124999999998,0.75325,0.5079374999999999,0.0040154974999999996,0.1774125,0.27687500000000004,0.5043124999999999
High on Fire,Electric Messiah,6,3.4911111111111113e-06,0.22522222222222224,0.9716666666666666,0.8494444444444444,0.18224444444444446,0.09386666666666667,0.2598666666666667
Polyphia,New Levels New Devils,8,0.003222,0.5833,0.8291000000000002,0.610572,0.21909,0.046060000000000004,0.43290000000000006
City Morgue,Vol. 1: Hell or High Water,6,0.0620245,0.5690714285714286,0.8316428571428569,9.133000000000001e-05,0.30045714285714287,0.1731214285714286,0.3742142857142858
Quavo,Quavo Huncho,4,0.16487631578947368,0.846736842105263,0.6477368421052633,2.7839999999999998e-05,0.1778315789473684,0.2714578947368421,0.4730421052631579
Clarence Clarity,Think: Peace,7,0.2985618181818182,0.39881818181818185,0.6979090909090909,0.08818114727272727,0.3096090909090909,0.09033636363636363,0.3346909090909091
Horrendous,Idol,9,0.5579999999999999,0.6397692307692308,0.25548461538461537,0.7565384615384615,0.2968307692307693,0.07476153846153846,0.38923076923076927
Sheck Wes,Mudboy,6,0.20372585714285713,0.7487857142857143,0.5622142857142857,0.06244177714285715,0.13945714285714286,0.2244642857142857,0.4380928571428571
Behemoth,I Loved You at Your Darkest,7,0.0035680025,0.281225,0.9350833333333334,0.22260750000000004,0.175875,0.11589166666666667,0.10439999999999999
Marissa Nadler,For My Crimes,7,0.7326363636363635,0.33790909090909094,0.28345454545454546,0.0016731318181818179,0.1348909090909091,0.03055454545454545,0.1515
twenty one pilots,Trench,8,0.16517071428571425,0.6672142857142858,0.6185714285714285,0.035959793571428575,0.18808571428571427,0.08799285714285714,0.438
Logic,YSIV,5,0.16558928571428572,0.6993571428571429,0.8471428571428572,6.470714285714286e-06,0.28316428571428565,0.21255714285714286,0.6169999999999999
Kero Kero Bonito,Time 'n' Place,8,0.3574866666666667,0.5728333333333334,0.6782500000000001,0.07102249750000002,0.25023333333333336,0.06659166666666667,0.42159166666666675
Tim Hecker,Konoyo,6,0.578857142857143,0.1304142857142857,0.42899999999999994,0.8031428571428572,0.16105714285714287,0.04145714285714286,0.06838571428571429
Lil Wayne,Tha Carter V,6,0.2041847826086957,0.7345217391304348,0.646,4.2478260869565215e-06,0.200195652173913,0.2778086956521739,0.45848260869565216
Lupe Fiasco,DROGAS Wave,7,0.41770833333333335,0.5945,0.6748041666666668,0.03202032083333334,0.2264083333333334,0.3257749999999999,0.4421083333333334
JMSN,Velvet,7,0.75,0.67,0.419,0.135,0.0976,0.0751,0.513
Hozier,Nina Cried Power,6,0.35587250000000004,0.393,0.53325,0.0292925,0.10252499999999999,0.061725,0.39905
milo,budding ornithologists are weary of tired analogies,6,0.6547333333333333,0.6515333333333333,0.6249333333333333,0.006443387333333332,0.16604000000000002,0.33326666666666666,0.5947333333333334
Brockhampton,iridescense,7,0.2485546666666667,0.6155333333333334,0.6748,0.0028036413333333335,0.2376533333333333,0.19766000000000003,0.3993000000000001
Guerilla Toss,Twisted Crystal,8,0.02618366666666666,0.555,0.9186666666666665,0.07506804444444444,0.19255555555555556,0.06405555555555556,0.5885555555555555
Spiritualized,And Nothing Hurt,7,0.46776666666666666,0.34111111111111103,0.5003333333333333,0.34486,0.2038888888888889,0.035500000000000004,0.3050999999999999
6LACK,East Atlanta Love Letter,4,0.5366714285714286,0.5703571428571428,0.41400000000000003,0.0014670078571428573,0.1340285714285714,0.19144999999999998,0.23960714285714288
Noname,Room 25,8,0.6428181818181818,0.6321818181818183,0.5399999999999999,0.05277039363636363,0.1688727272727273,0.2034818181818182,0.5867272727272728
Aphex Twin,Collaspe,8,0.969,0.311,0.0644,0.825,0.152,0.0334,0.0987
Russ,Zoo,3,0.1730195714285714,0.7322857142857142,0.6363571428571427,2.368928571428572e-05,0.13914285714285715,0.24762142857142858,0.45028571428571423
Yves Tumor,Safe in the Hands of Love,7,0.009393974000000001,0.39479999999999993,0.6822,0.44651818,0.17715999999999996,0.05018,0.31196999999999997
$uicideBoy$,I Want To Die in New Orleans,6,0.09551642857142857,0.7289285714285713,0.6276428571428571,0.022476027857142856,0.2946642857142857,0.2105857142857143,0.32082857142857135
Thou,Magnus,6,0.37285833333333335,0.2967291666666667,0.5384166666666667,0.8571666666666666,0.11184583333333335,0.049400000000000006,0.09251666666666668
Okonolo,Cantos,7,0.6989333333333333,0.5684,0.5998666666666668,0.12560434933333334,0.13742666666666667,0.037000000000000005,0.5272
Armand Hammer,Paraffin,8,0.18900133333333333,0.5059333333333333,0.6434666666666666,0.016633279333333334,0.2495333333333333,0.33133333333333326,0.35080000000000006
IDLES,Joy as an Act of Resistance,9,0.014543158333333334,0.36549999999999994,0.8660833333333334,0.05989129499999999,0.22685,0.09753333333333335,0.2637
George Clinton,Slide,7,0.0807,0.827,0.469,8.12e-06,0.207,0.341,0.196
Eminem,Kamikaze,4,0.24346923076923072,0.7768461538461539,0.6326153846153846,0.0,0.26619230769230773,0.3834615384615384,0.5315384615384615
Interpol,Marauder,4,0.14988114307692307,0.36768461538461533,0.7999999999999999,0.6898269230769232,0.19192307692307692,0.0499923076923077,0.3876692307692307
Blood Orange,Negro Swan,8,0.43133750000000004,0.5741875,0.38837499999999997,0.094593188125,0.22326249999999997,0.07715000000000001,0.39271875
Oh Sees,Smote Reverser,6,0.0106939,0.36272727272727273,0.847090909090909,0.6494545454545455,0.1673090909090909,0.07461818181818182,0.29046363636363637
Hermit and the Recluse,Orpheus vs. the Sirens,8,0.17169340000000002,0.31720000000000004,0.7234,0.002839466,0.36190000000000005,0.13301999999999997,0.4605
Louis Cole,Time,8,0.03466046666666667,0.8484666666666666,0.6968,0.0009204233333333332,0.16736,0.24174666666666667,0.5643999999999999
Ariana Grande,Sweetener,7,0.22777333333333333,0.6871999999999999,0.5519999999999999,8.374000000000001e-06,0.14294,0.06553333333333333,0.46046000000000004
Mitski,Be The Cowboy,6,0.28216764285714285,0.3826428571428571,0.5379714285714285,0.07876201928571429,0.23032142857142857,0.033,0.33724999999999994
Young Thug,Slime Language,5,0.036598,0.8133333333333332,0.4954,0.00072,0.14927333333333334,0.30978,0.46548
Iglooghost,Steel Mogu,7,0.003033,0.3403999999999999,0.682,0.19197999999999998,0.3094,0.11357999999999999,0.2334
Iglooghost,Clear Tamei,8,0.08012,0.47800000000000004,0.6546000000000001,0.018191397999999998,0.5382,0.08102000000000001,0.2932
Trippie Redd,Life's a Trip,5,0.3531399999999999,0.6078571428571429,0.5652142857142857,0.0020796814285714287,0.13597142857142858,0.11150714285714285,0.39585714285714285
HMLTD,Hate Music Last Time Delete,8,0.025456199999999995,0.49079999999999996,0.8612,0.15064861599999999,0.15936,0.08910000000000001,0.4104
Nicki Minaj,Queen,5,0.14754736842105262,0.759578947368421,0.6714210526315791,0.016139842105263157,0.18554736842105266,0.2026736842105263,0.4534736842105262
"Valee,Good Job", You Found Me,3,0.038990000000000004,0.8793333333333333,0.5686666666666667,0.006111666666666667,0.1047,0.24368333333333334,0.41500000000000004
Imperial Triumphant,Vile Luxury,8,0.031854875000000005,0.18637499999999999,0.756,0.80125,0.21155,0.12140000000000001,0.07289999999999999
Mac Miller,Swimming,3,0.6524615384615384,0.6248461538461539,0.4381538461538462,0.012818515384615385,0.12113076923076924,0.17024615384615385,0.28113846153846156
YG,Stay Dangerous,5,0.11810066666666667,0.8020666666666667,0.4865333333333333,2.7046666666666666e-05,0.23812000000000005,0.2904266666666667,0.37
Travis Scott,Astroworld,7,0.13048588235294117,0.6867647058823529,0.6394117647058825,0.0004047970588235294,0.19024117647058822,0.09473529411764704,0.3175823529411764
James Ferraro,Four Pieces for Mirai,7,0.4990816666666667,0.331,0.39999999999999997,0.5106,0.29166666666666663,0.04803333333333334,0.11661666666666669
Let's Eat Grandma,I'm All Ears,7,0.3673490909090909,0.5876363636363636,0.5394545454545454,0.2587229909090909,0.10881818181818184,0.04318181818181818,0.2530727272727273
Denzel Curry,TA13OO,8,0.14386153846153846,0.6737692307692308,0.665923076923077,0.0002612753846153846,0.22773846153846153,0.17814615384615384,0.4023307692307692
Melody's Echo Chamber,Bon Voyage,7,0.16671428571428573,0.5124285714285715,0.5938571428571429,0.18592142857142857,0.2459571428571429,0.0418,0.44557142857142856
88rising,Head in the Clouds,5,0.2766764705882353,0.6977058823529413,0.6215294117647058,0.0025540564705882353,0.15643529411764703,0.16502352941176468,0.4449176470588235
The Internet,Hive Mind,7,0.4255538461538461,0.6693076923076922,0.5114615384615384,0.1413169423076923,0.11600000000000002,0.11229999999999998,0.6061538461538463
Busdriver,Electricity is on our Side,5,0.36545739130434785,0.43117391304347824,0.7870434782608696,0.04449817956521739,0.28433043478260867,0.2628173913043478,0.4120434782608697
Dirty Projectors,Lamp Lit Prose,6,0.43095,0.5372999999999999,0.536,0.058974114,0.22571,0.08519000000000002,0.5683499999999999
Snail Mail,Lush,7,0.28291787,0.42860000000000004,0.5185000000000001,0.14632465,0.10109000000000001,0.03051,0.26342999999999994
Deafheaven,Ordinary Corrupt Human Love,5,0.0988996,0.27685714285714286,0.801142857142857,0.8081428571428572,0.19285714285714287,0.05335714285714286,0.1923857142857143
serpentwithfeet,soil,7,0.6018181818181818,0.4098181818181819,0.439,8.733181818181818e-05,0.13893636363636364,0.07692727272727273,0.24018181818181822
Florence + The Machine,High As Hope,7,0.5846,0.5084,0.43446999999999997,0.00019596199999999996,0.16387000000000002,0.05067000000000001,0.26466999999999996
Zeal & Ardor,Stranger Fruit,8,0.19216430625,0.40349999999999997,0.5673937499999999,0.335191,0.19868750000000002,0.048125,0.21494375000000007
The Carters,Everything Is Love,5,0.14373333333333335,0.6739999999999999,0.6264444444444445,1.8342222222222223e-05,0.2063777777777778,0.21552222222222228,0.4262222222222223
Teyena Taylor,K.T.S.E.,6,0.5052,0.5958749999999999,0.49375,1.4181249999999999e-05,0.1633375,0.11198750000000002,0.4605
Vein,Errorzone,6,3.7044545454545456e-05,0.2950909090909091,0.9690909090909089,0.1608920909090909,0.29093636363636366,0.16017272727272727,0.23758181818181817
Kamasi Washington,Heaven and Earth,6,0.4862,0.41,0.7394375000000001,0.7422062499999998,0.14715,0.082125,0.417
Gorillaz,The Now Now,6,0.22090072727272728,0.5740909090909091,0.7287272727272728,0.3852069727272728,0.13653636363636365,0.045599999999999995,0.6068181818181819
Jay Rock,Redemption,4,0.175514,0.7488,0.6550666666666668,0.00042177333333333334,0.17263333333333336,0.2536066666666667,0.48439999999999994
Drake,Scorpion,4,0.1943276,0.71004,0.51164,0.0034147016000000007,0.184212,0.20606000000000002,0.323028
Nine Inch Nails,Bad Witch,7,0.28962166666666667,0.4103333333333334,0.779,0.8454999999999999,0.13355,0.10588333333333333,0.22694999999999999
Death Grips,Year of the Snitch,9,0.22171938461538462,0.4375384615384616,0.9286153846153845,0.1429995769230769,0.4761076923076923,0.14330769230769233,0.30690769230769227
Rico Nasty,Nasty,6,0.08120357142857142,0.8422857142857143,0.7361428571428571,2.8482857142857138e-05,0.12742142857142857,0.2911428571428572,0.5154285714285715
SOPHIE,Oil of Every Pearl's Un-Insides,8,0.15915311111111113,0.5114444444444445,0.43388888888888894,0.23110444444444442,0.22304444444444446,0.08183333333333333,0.2702333333333333
Nas,Nasir,6,0.19034285714285712,0.5667142857142856,0.728,0.0,0.29157142857142865,0.3607142857142857,0.3717142857142858
Bladee,Red Light,1,0.00101,0.846,0.716,0.0,0.244,0.236,0.213
LUMP,LUMP,7,0.0107,0.616,0.52,0.658,0.145,0.0245,0.382
Tropical Fuckstorm,A Laughing Death in Meatspace,8,0.2817077777777778,0.45155555555555554,0.61,0.06223341333333335,0.25687777777777776,0.10056666666666667,0.36277777777777775
Big Ups,Two Parts Together,6,0.20218749999999996,0.43272499999999997,0.513,0.338525125,0.217425,0.0653125,0.2761375
"Black Thought, 9th Wonder","Streams of Thought, Vol. 1",8,0.24165999999999999,0.5972,0.922,0.0,0.22888000000000003,0.35259999999999997,0.6245999999999999
Tierra Whack,Tierra Whack,7,0.5708266666666667,0.7803333333333333,0.4326,0.0018491406666666663,0.12304000000000001,0.21004666666666666,0.4822
KIDS SEE GHOSTS,KIDS SEE GHOSTS,10,0.24765285714285715,0.649,0.6221428571428572,0.005799221428571428,0.21357142857142858,0.11887142857142859,0.37842857142857145
Ghost,Prequelle,8,0.043937171000000004,0.4116999999999999,0.65164,0.2959738,0.19242,0.04458,0.24824000000000007
Father John Misty,God's Favorite Customer,7,0.39008000000000004,0.4859,0.51065,0.0008998230000000001,0.15278,0.03280999999999999,0.4484100000000001
Oneohtrix Point Never,Age Of,6,0.0002716444444444444,0.28811111111111104,0.7854444444444444,0.44648888888888894,0.19253333333333333,0.052877777777777774,0.3622222222222222
Juice WRLD,Goodbye & Good Riddance,5,0.258612705882353,0.6398235294117647,0.5665294117647057,2.7378823529411763e-05,0.2728470588235294,0.1753176470588235,0.3613529411764706
Kanye West,ye,8,0.177,0.865,0.438,0.0,0.0743,0.0719,0.695
NIKI,Zephyr,7,0.314175,0.68775,0.422875,0.030353185,0.1298,0.08941249999999999,0.36274999999999996
A$AP Rocky,Testing,4,0.4031933333333333,0.6061333333333333,0.577,0.008750260000000001,0.21300666666666665,0.2515,0.35396666666666665
BTS,Tear,6,0.22102857142857144,0.5038571428571428,0.6512142857142856,0.18406592857142856,0.1718785714285714,0.045092857142857136,0.5871428571428572
Park Jiha,Communion,6,0.32190666666666673,0.5843888888888888,0.6131666666666667,0.003547677222222222,0.1423,0.04817777777777778,0.4674388888888888
Pusha T,Daytona,8,0.05335714285714287,0.6547142857142857,0.6639999999999999,0.0031154828571428564,0.2802857142857143,0.2064571428571429,0.3049857142857143
Mark Kozelek,Mark Kozelek,7,0.9779999999999999,0.4105833333333333,0.0694,0.03001325,0.1045,0.03913333333333333,0.15374999999999997
Parquet Courts,Wide Awake!,9,0.12412307692307693,0.5437692307692308,0.8325384615384616,0.10729794615384615,0.28896153846153855,0.08120000000000001,0.7473076923076923
Courtney Barnett,Tell Me How You Really Feel,6,0.07426307,0.5112,0.7018000000000001,0.0017784240000000002,0.11601000000000002,0.04406,0.36584
Frank Ocean,Endless,8,0.19002142857142856,0.7304285714285715,0.5766428571428571,2.9121428571428576e-06,0.13726428571428573,0.2580857142857143,0.4970714285714286
Ski Mask the Slump God,Beware the Book of Eli,7,0.20865,0.8072000000000001,0.6059000000000001,1.561e-05,0.23618,0.24653,0.57647
Artic Monkeys,Tranquillity Based Hotel + Casino,5,0.16866636363636364,0.5593636363636363,0.714090909090909,0.041445190909090907,0.19092727272727272,0.04047272727272727,0.5816
Beach House,7,7,0.15275000000000002,0.7515000000000001,0.5866250000000001,8.775375e-05,0.1583625,0.1109625,0.531375
Playboi Carti,Die Lit,7,0.0829242105263158,0.7594736842105264,0.6558421052631579,1.1013684210526314e-05,0.22135263157894738,0.17617894736842105,0.41136842105263155
Jon Hopkins,Singularity,7,0.28648674999999996,0.5249166666666667,0.4571416666666667,0.8645,0.11499166666666666,0.067925,0.198425
Wiley,Godfather II,5,0.18394999999999997,0.7448333333333336,0.8203333333333331,1.7424166666666665e-05,0.16988333333333336,0.20263333333333333,0.6495000000000001
Ice Age,Beyondless,7,0.038061740000000004,0.24259999999999998,0.8581,0.04392116,0.17563,0.07001,0.34182000000000007
Slim Jxmmi,Jxmtro,5,0.3756,0.6874,0.6932,0.0018623799999999996,0.1668,0.0382,0.591
Rae Sremmurd,SR3MM,7,0.12856,0.7913333333333333,0.6382592592592592,9.566407407407406e-05,0.15121851851851853,0.10194814814814813,0.30134814814814814
Daniel Avery,Song For Alpha,5,0.4374180714285714,0.3653571428571428,0.5058142857142858,0.7673471428571428,0.13592857142857145,0.04917857142857142,0.138
Kimbra,Primal Heart,7,0.21530583333333334,0.5573333333333333,0.5979833333333334,0.03961511,0.17446666666666666,0.05155833333333334,0.35956666666666665
Panopticon,The Scars of Man on the Once Nameless Wilderness,4,0.10078466750000001,0.1841625,0.73225,0.6498375,0.30124999999999996,0.09633749999999999,0.1034375
Janelle Monáe,Dirty Computer,8,0.2762457142857143,0.6399285714285714,0.46192857142857147,0.06890337071428573,0.27395714285714284,0.08665714285714285,0.30496428571428563
Post Malone,beerbongs & bentleys,7,0.3476666666666666,0.6537222222222222,0.6317222222222223,0.03461841833333333,0.15215555555555552,0.07289444444444443,0.3435555555555556
Sleep,The Sciences,8,0.018433333333333333,0.19516666666666668,0.695,0.7023333333333334,0.23354999999999995,0.04606666666666667,0.22091666666666662
A Perfect Circle,Eat the Elephant,5,0.18231241666666667,0.427,0.6678333333333333,0.1840206666666667,0.17630833333333332,0.05240000000000001,0.21091666666666664
Hop Along,8,8,0.20619166666666666,0.6561666666666667,0.48091666666666666,0.14894512583333336,0.22945000000000002,0.057975000000000006,0.3509083333333334
J. Cole,KOD,5,0.2578,0.7218333333333334,0.5388333333333334,6.380833333333334e-06,0.17762500000000003,0.34592500000000004,0.41450000000000004
Unkown Mortal Orchestra,Sex & Food,5,0.48950000000000005,0.7360000000000001,0.5974166666666667,0.14461338833333337,0.2424749999999999,0.09128333333333334,0.63075
Princess Nokia,A Girl Cried Red,4,0.5407500000000001,0.74825,0.54,0.11860470625000002,0.10115,0.11313750000000002,0.5193749999999999
John Prine,The Tree of Forgiveness,7,0.6296100000000001,0.5778,0.29969999999999997,0.02156557,0.12799,0.06365000000000001,0.5979999999999999
Sons of Kemet,Your Queen is a Reptile,8,0.3164444444444445,0.5705555555555555,0.6934444444444444,0.5584622222222222,0.11842222222222223,0.11627777777777777,0.663888888888889
Kali Uchis,Isolation,8,0.23020800000000005,0.6398666666666666,0.6439333333333334,0.006307449333333332,0.16644666666666666,0.06631999999999999,0.5893333333333335
Flatbush Zombies,Vacation in Hell,6,0.12007000000000001,0.7053157894736843,0.594578947368421,6.221578947368422e-06,0.2520842105263158,0.28117894736842103,0.3901578947368421
Cardi B,Invasion of Privacy,6,0.10736230769230769,0.8443076923076922,0.6135384615384616,0.00010742076923076924,0.16876923076923075,0.23815384615384616,0.4626153846153845
Kacey Musgraves,Golden Hour,4,0.41243846153846153,0.6136923076923078,0.5343846153846153,0.0013826315384615384,0.1094923076923077,0.0362,0.4596153846153846
"Jean Grae, Quelle Chris",Everything's Fine,8,0.6177777777777778,0.5057777777777778,0.3394444444444445,0.011014316666666668,0.1286333333333333,0.0306,0.21077777777777776
"Czarface, MF Doom",Czarface Meets Metal Face,7,0.0416180625,0.6986250000000002,0.5460625,0.120325345,0.22771249999999996,0.33711875,0.5185
The Voidz,Virtue,8,0.14449246666666668,0.4846000000000001,0.8326666666666667,0.23306399999999997,0.188,0.07330666666666667,0.4797533333333333
The Weeknd,My Dear Melancholy,5,0.5118571428571428,0.43957142857142856,0.6154285714285715,0.0008398857142857143,0.17985714285714288,0.05871428571428572,0.274
Superorganism,Superorganism,7,0.046967999999999996,0.5511999999999999,0.7366,0.0056401,0.26988999999999996,0.20728999999999997,0.46270999999999995
Preoccupations,New Material,5,0.13972931875000003,0.37675,0.8271249999999999,0.46711249999999993,0.17711249999999998,0.0616375,0.3365625
PRhyme,PRhyme 2,6,0.24338235294117644,0.5152941176470589,0.8909411764705881,1.2441176470588235e-06,0.23476470588235296,0.28105882352941175,0.7000588235294117
Jack White,Boarding House Reach,9,0.39354946153846154,0.5230769230769231,0.5466923076923077,0.0768988923076923,0.1670153846153846,0.11765384615384614,0.4320769230769231
Mount Eerie,Now Only,7,0.8715000000000002,0.4115,0.2005,0.11393833333333335,0.13751666666666668,0.06186666666666666,0.11131666666666666
Keiji Haino + Sumac,American Dollar Bill,7,0.04050504,0.21347999999999998,0.6990000000000001,0.7066,0.28696,0.10495999999999998,0.08862
The Neighborhood,The Neighborhood,4,0.23673076923076922,0.6839230769230771,0.6626153846153847,0.0,0.11794615384615384,0.2968076923076923,0.5248461538461539
Judas Priest,Firepower,8,0.05571624285714287,0.4413571428571429,0.8040714285714287,0.25838744999999996,0.11704285714285713,0.040092857142857145,0.42171428571428565
Young Fathers,Cocoa Sugar,6,0.4195666666666668,0.5561666666666666,0.6474166666666666,0.28762766666666667,0.188975,0.15674166666666667,0.4320833333333332
Natalia Lafourcade,Musas Vol. 2,8,0.8646153846153847,0.6307692307692309,0.3201538461538461,0.06660880999999999,0.16597692307692308,0.045630769230769225,0.5127692307692309
David Byrne,American Utopia,7,0.2338290476190476,0.5426666666666666,0.7913809523809524,0.035687705714285714,0.8831428571428571,0.09729523809523807,0.499195238095238
Lil Yatchy,Lil Boat 2,7,0.15655411764705882,0.8238823529411765,0.6059411764705883,1.0644117647058823e-05,0.13693529411764707,0.24534117647058823,0.37474705882352943
Logic,Bobby Tarantino II,5,0.10099846153846154,0.7346153846153846,0.6312307692307692,6.672923076923077e-05,0.11980769230769231,0.18150000000000005,0.463976923076923
Anna von Hausswolff,Dead Magic,8,0.31043,0.21217999999999998,0.4572,0.578,0.14482,0.034640000000000004,0.10504
Titus Andronicus,A Productive Cough,5,0.448,0.45757142857142863,0.6042857142857142,0.00024461,0.2808571428571428,0.042557142857142856,0.44957142857142857
Andrew W.K.,You’re Not Alone,8,0.000298,0.699,0.742,0.414,0.395,0.0353,0.42
Tory Lanez,Memories Don’t Die,3,0.279575,0.5648888888888889,0.5804444444444444,7.022222222222222e-07,0.20914444444444444,0.3780111111111111,0.3887111111111111
Turnstile,Time & Space,5,0.15063692307692308,0.3898461538461539,0.8638461538461539,0.4700230769230768,0.3183,0.07076923076923076,0.4703076923076922
A.A.L. (Against All Logic),2012 - 2017,9,0.1736601818181818,0.7579090909090909,0.7945454545454546,0.6456765454545456,0.14304545454545453,0.0619,0.31781818181818183
SOB x RBE,Gangin,6,0.02378293333333333,0.8530666666666668,0.6132666666666666,0.0,0.14757333333333333,0.25382,0.4288666666666667
Screaming Females,All at Once,8,0.12248987272727273,0.4327272727272726,0.7060909090909091,0.08331723727272727,0.11012727272727273,0.057863636363636346,0.25634545454545454
6ix9ine,Day69,3,0.08875333333333335,0.698,0.78525,0.0,0.28207499999999996,0.23498333333333332,0.5144166666666666
U.S. Girls,In a Poem Unlimited,8,0.24728054545454545,0.5050909090909091,0.7580909090909091,0.22920714999999997,0.2923636363636364,0.11934545454545455,0.4372727272727273
Ought,Room Inside the World,6,0.10988277777777779,0.42500000000000004,0.8015555555555555,0.27854555555555555,0.12953333333333333,0.07885555555555555,0.4111
Various Artists,Black Panther The Album,6,0.18514357142857146,0.6852142857142856,0.6192142857142856,0.0019857178571428572,0.17894285714285715,0.21603571428571433,0.42271428571428565
Daymé Arocena,Cubafonía,8,0.42985454545454543,0.5696363636363635,0.5650000000000001,0.07778977363636363,0.12097272727272727,0.04741818181818181,0.6025363636363636
MGMT,Little Dark Age,8,0.185824,0.5814,0.7987999999999998,0.1590721,0.25539999999999996,0.04098,0.6413
Tribulation,Down Below,7,0.0992156,0.35829999999999995,0.8585,0.17823990000000003,0.19161,0.06555000000000001,0.14465
Tiny Moving Parts,Swell,4,0.06588,0.46080000000000004,0.48679999999999995,0.15255999999999997,0.21195999999999998,0.04794,0.3976
No Age,Snares Like A Haircut,7,0.18956926250000003,0.26941666666666664,0.9289166666666667,0.31723885,0.2690333333333333,0.13640833333333335,0.19639166666666666
Rich Brian,Amen,6,0.2891714285714286,0.8198571428571428,0.6243571428571428,0.0014032257142857145,0.1621142857142857,0.17787142857142854,0.5027857142857143
Justin Timberlake,Man of the Woods,3,0.196990625,0.6768749999999999,0.6120625,0.03531884875,0.205275,0.0637625,0.5606249999999999
Portal,Ion,9,0.7167500000000001,0.5989166666666665,0.40775000000000006,0.15708778583333333,0.11959166666666665,0.03336666666666666,0.5569166666666667
Ty Segall,Freedom's Goblin,7,0.1516768947368421,0.369578947368421,0.6847368421052631,0.08114654842105264,0.24010526315789474,0.05815789473684212,0.5267368421052633
Migos,Culture II,4,0.10658583333333334,0.8309999999999998,0.5928333333333333,0.0004212933333333333,0.16146249999999998,0.13705416666666664,0.3297333333333334
Tune-Yards,I Can Feel You Creep Into My Private Life,5,0.13117416666666668,0.6396666666666667,0.6779999999999999,0.020368885,0.27405833333333335,0.077275,0.47425000000000006
First Aid Kit,Ruins,7,0.35781399999999997,0.45410000000000006,0.44709999999999994,0.0005046359999999999,0.21925999999999995,0.03218,0.31229999999999997
JPEGMAFIA,Veteran,8,0.2339726315789474,0.6443684210526315,0.7675263157894738,0.04907521,0.3161052631578948,0.3060526315789474,0.5030526315789473
King Gizzard & The Lizard Wizard,Gumboot Soup,7,0.18452645454545458,0.4337272727272728,0.719909090909091,0.21945045454545456,0.19999999999999998,0.047954545454545465,0.5142727272727273
CupcakKe,Ephorize,7,0.2822066666666666,0.7543333333333333,0.7803333333333333,8.866666666666667e-08,0.14936666666666668,0.24619333333333335,0.49459999999999993
Jeff Rosenstock,Post,6,0.27945882352941176,0.6072941176470589,0.6631764705882355,0.0001460870588235294,0.14660588235294122,0.08351176470588234,0.3861764705882353
Charlie XCX,Pop 2,7,0.18908,0.6121,0.6103000000000001,0.000141684,0.17668,0.08503000000000001,0.39931
N.E.R.D.,NO_ONE EVER REALLY DIES,7,0.19464909090909097,0.7130909090909091,0.6875454545454546,0.0016474872727272728,0.18955454545454548,0.16493636363636363,0.4840909090909091
"Travis Scott, Quavo,Huncho Jack", Jack Huncho,6,0.04557846153846153,0.7816153846153846,0.699,0.000685776923076923,0.19043076923076924,0.08279230769230769,0.2746769230769231
Eminem,Revival,2,0.26261,0.68,0.7187368421052632,5.927157894736842e-05,0.3540157894736841,0.2828473684210526,0.5248947368421054
Chris Stapleton,From A Room: Volume 2,7,0.40057777777777775,0.5782222222222222,0.44037777777777776,0.02615933333333333,0.16026666666666667,0.03836666666666666,0.5429999999999999
Brockhampton,Saturation III,8,0.38589333333333337,0.5942000000000001,0.6046,0.05017921999999999,0.35271333333333327,0.15614,0.5474666666666668
"Big Sean, Metro Boomin",Double or Nothing,5,0.159796,0.5793000000000001,0.5287,0.000801429,0.16697,0.28233,0.3146
Princess Nokia,1992 Deluxe,8,0.19736431250000003,0.6839999999999999,0.6323124999999999,0.030232528124999998,0.22029374999999995,0.2550625,0.43606249999999996
Makaya McCraven,Highly Rare,7,0.15760723750000002,0.506375,0.659,0.6028749999999999,0.29625,0.20537500000000003,0.48075
Prurient,Rainbow Mirror,6,0.15707368666666663,0.20897333333333334,0.6224666666666667,0.7279333333333332,0.18433333333333332,0.07793333333333334,0.05812666666666667
Ibeyi,Ash,7,0.4012482352941177,0.5878235294117646,0.48121176470588234,0.00016464176470588234,0.2480294117647059,0.1899,0.494
Glassjaw,Material Control,6,0.023626008333333337,0.34933333333333333,0.87925,0.46444166666666664,0.289375,0.148775,0.08503333333333334
Cyhi the Prince,No Dope on Sundays,5,0.2693946666666667,0.6199333333333333,0.7018,4.493333333333333e-06,0.26042,0.3346666666666666,0.4136666666666667
Rosalía,Los Ángeles,8,0.9067500000000001,0.4095,0.23083333333333333,0.0013970249999999997,0.1507666666666667,0.04096666666666667,0.24336666666666665
Hopsin,No Shame,4,0.1634290555555556,0.6128333333333333,0.6419444444444443,0.0007230727777777778,0.2114055555555555,0.19724444444444444,0.6320000000000001
Björk,Utopia,7,0.23893076923076922,0.8233846153846153,0.6903076923076923,4.563846153846153e-06,0.15393076923076923,0.051176923076923085,0.8815384615384617
Sharon Jones & The Dap-Kings,Soul of a Woman,8,0.5281818181818182,0.5414545454545454,0.5072727272727272,0.0024644999999999997,0.2238181818181818,0.0431,0.6484545454545454
King Gizzard & The Lizard Wizard,Polygonwanaland,7,0.224947,0.4807,0.6432,0.53368,0.19797000000000003,0.042499999999999996,0.58864
Jaden Smith,SYRE,4,0.32241176470588234,0.538235294117647,0.6544705882352941,0.027087331176470587,0.25395882352941174,0.1719058823529412,0.27926470588235297
Armand Hammer,Rome,6,0.47562105263157883,0.7655263157894737,0.6568421052631578,1.0389473684210525e-06,0.1768,0.15368947368421057,0.7549473684210527
Liars,TFCF,5,0.37530363636363634,0.4050000000000001,0.43200000000000005,0.29368296363636365,0.20986363636363636,0.0898090909090909,0.2134181818181818
Destroyer,ken,5,0.17544442857142856,0.6629999999999999,0.5848571428571429,0.0061417792857142856,0.2230714285714286,0.2757285714285715,0.4799285714285714
Yung Lean,Stranger,6,0.18349555555555558,0.5885555555555556,0.7962222222222222,0.055161888888888885,0.1580888888888889,0.04206666666666667,0.5817777777777777
Taylor Swift,Reputation,4,0.13851466666666667,0.6579333333333334,0.5828666666666666,4.3788e-05,0.1521533333333333,0.09512000000000001,0.29340000000000005
Benjamin Clementine,I Tell a Fly,5,0.670818181818182,0.43881818181818183,0.4280909090909091,0.06922223636363636,0.21908181818181818,0.05513636363636364,0.22396363636363636
Skepta,Vicous,5,0.025310666666666665,0.6350833333333333,0.6748333333333334,0.6046333333333334,0.2514083333333333,0.19049166666666664,0.36625
Sam Smith,The Thrill of It All,4,0.5681707142857143,0.5682142857142857,0.3886428571428572,3.989857142857143e-05,0.16239285714285714,0.05594285714285714,0.3111428571428571
Converge,The Dusk in Us,8,0.0005508561538461539,0.2753076923076923,0.8686153846153845,0.8684615384615384,0.31346153846153846,0.07876153846153847,0.23861538461538456
Rina Sawayama,RINA,9,0.17375624999999997,0.5335,0.755875,6.0649999999999995e-06,0.2506125,0.049275,0.5687500000000001
Julien Baker,Turn Out the Lights,7,0.8885454545454544,0.39972727272727265,0.26018181818181824,0.05454149545454546,0.13149999999999998,0.030100000000000002,0.14847272727272726
"21 Savage, Offset, Metro Boomin",Without Warning,7,0.263665,0.8282000000000002,0.38799999999999996,0.164966222,0.16410000000000002,0.25239,0.21588000000000002
Weezer,Pacific Daydream,4,0.031185899999999996,0.5932000000000001,0.8577,0.000102925,0.27987,0.039689999999999996,0.7347999999999999
Big K.R.I.T.,4eva Is a Might Long Time,9,0.1843168181818182,0.6039545454545454,0.7385909090909091,0.00023716454545454548,0.19385454545454547,0.20544090909090906,0.41631818181818186
Fever Ray,Plunge,5,0.0939225,0.6708333333333334,0.6555000000000001,0.42721399000000004,0.12896666666666665,0.046650000000000004,0.4670499999999999
The World Is A Beautiful Place & I Am No Longer Afraid To Die,Always Foreign,6,0.15685090909090912,0.3682727272727273,0.6232727272727273,0.2059092818181818,0.17322727272727273,0.06312727272727274,0.17749090909090912
Liam Gallagher,As You Were,6,0.025439427999999997,0.4394,0.7906666666666665,0.065612978,0.17530666666666667,0.04254666666666666,0.4277333333333333
"Future, Young Thug",Super Slimey,5,0.060030769230769235,0.7699999999999998,0.6097692307692308,8.70076923076923e-06,0.1562538461538462,0.23858461538461542,0.33692307692307694
Primitive Man,Caustic,8,0.3104692307692308,0.6328461538461538,0.4961461538461539,0.06793139692307693,0.1402153846153846,0.07623076923076923,0.4608461538461539
Beck,Colors,4,0.012912272727272727,0.6074545454545454,0.812,0.09135555454545453,0.15356363636363637,0.044790909090909097,0.6662727272727273
Gucci Mane,Mr. Davis,5,0.1086305882352941,0.8141764705882353,0.6118823529411765,0.0001715941176470588,0.13669411764705885,0.22058823529411764,0.4555294117647059
King Krule,The OOZ,4,0.5482157894736842,0.4677368421052632,0.5581052631578948,0.2889445263157895,0.21782631578947367,0.05682105263157895,0.28478947368421054
St. Vincent,MASSEDUCATION,6,0.7771666666666667,0.46291666666666664,0.23755833333333332,0.018854955000000003,0.12144166666666667,0.05405000000000001,0.2823333333333334
Protomartyr,Relatives in Descent,8,0.027532435000000004,0.36825,0.8079999999999998,0.6873333333333335,0.1864416666666667,0.07428333333333333,0.33575000000000005
Trippie Redd,A Love Letter To You 2,5,0.21664,0.6209999999999999,0.6183571428571428,0.0009054428571428571,0.19337857142857143,0.12022142857142856,0.35828571428571426
Marilyn Manson,Heaven Upside Down,5,0.0005968499999999999,0.538,0.7946,0.012121254,0.2632,0.05027,0.3074
Poppy,Poppy.Computer,6,0.08199745454545454,0.7480000000000001,0.6763636363636364,0.07865510454545455,0.13540909090909092,0.053645454545454545,0.6279090909090909
Kelela,Take Me Apart,8,0.4060142857142857,0.49942857142857144,0.4201428571428572,0.0056230578571428574,0.14639285714285716,0.05063571428571429,0.23728571428571432
Lil Pump,Lil Pump,7,0.11090333333333335,0.8677333333333334,0.5511333333333333,1.8283333333333335e-05,0.15156666666666666,0.15242666666666665,0.5018866666666667
Uncommon Nasa,Written at Night,8,0.5353636363636363,0.5337272727272727,0.6662727272727272,0.005734359999999999,0.28950000000000004,0.29793636363636367,0.40527272727272723
Iglooghost,Neō Wax Bloom,8,0.07190545454545454,0.5201818181818181,0.7890909090909091,0.2328153636363636,0.35040000000000004,0.12145454545454544,0.48718181818181816
Smokepurpp,Deadstar,6,0.07062176470588237,0.768235294117647,0.7000000000000001,0.0006900470588235294,0.17209999999999998,0.1739235294117647,0.5104529411764706
Injury Reserve,Drive It Like It's Stolen,7,0.22789571428571428,0.5808571428571428,0.6331428571428572,0.00033908571428571427,0.22858571428571425,0.4557142857142857,0.4527142857142858
The Killers,Wonderful Wonderful,6,0.184784,0.49609999999999993,0.7637,0.10275931099999999,0.11975,0.08820000000000001,0.28874
Wolves in the Throne Room,Thrice Woven,6,0.07024459999999999,0.14966,0.7121999999999999,0.68704,0.15560000000000002,0.08912,0.06994
"Young Thug, Carnage",Young Martha,8,0.2466,0.6174999999999999,0.6447499999999999,1.41e-06,0.114,0.2181,0.49174999999999996
Chelsea Wolfe,Hiss Spun,7,0.024368183333333335,0.2723333333333333,0.49899999999999994,0.6723333333333333,0.16894166666666668,0.043574999999999996,0.14685
Macklemore,Gemini,3,0.21502000000000002,0.731375,0.5686250000000002,0.00010834625,0.12256875,0.15611875,0.460875
Godspeed You! Black Emperor,Luciferian Towers,5,0.37653125000000004,0.1698625,0.48037499999999994,0.768875,0.145425,0.04240000000000001,0.0852875
Rapsody,Laila's Widsom,8,0.20312500000000003,0.506,0.7213571428571429,5.133571428571428e-06,0.24387857142857142,0.33271428571428574,0.4825714285714286
Foo Fighters,Concrete and Gold,6,0.07876164545454546,0.401,0.6400909090909092,0.11030742545454544,0.27368181818181814,0.04961818181818183,0.3836272727272727
Mykrur,Maredidt,6,0.3593247333333333,0.26953333333333335,0.5332666666666667,0.23305587999999997,0.15708666666666668,0.03875333333333333,0.13488666666666665
Open Mike Eagle,Brick Body Kids Still Daydream,8,0.3945833333333333,0.6021666666666666,0.6565833333333333,0.06860674833333334,0.26975,0.29005,0.5208333333333334
Daniel Caeser,Freudian,7,0.6923,0.45920000000000005,0.31989999999999996,0.0012275329999999998,0.18402000000000002,0.043329999999999994,0.28581
Ariel Pink,Dedicated to Bobby Jameson,8,0.1197632142857143,0.49635714285714283,0.7658571428571428,0.08952121428571429,0.23350714285714289,0.08692857142857144,0.6112142857142857
The National,Sleep Well Beast,7,0.5170408333333333,0.5397500000000001,0.6961666666666666,0.7673333333333333,0.17555,0.081475,0.3385833333333333
Nmesh,Pharma,7,0.058376923076923076,0.49246153846153845,0.8430769230769232,0.05279033461538462,0.16124615384615384,0.06926153846153846,0.3829230769230769
Alex Cameron,Forced Witness,8,0.146373,0.6856,0.7708999999999999,0.019050719999999997,0.1183,0.033370000000000004,0.7649999999999999
Corbin,Mourn,7,0.28139400000000003,0.542,0.4696000000000001,0.12165048,0.11399999999999999,0.03643,0.14188
Alvvays,Antisocialites,8,0.10879240000000001,0.33680000000000004,0.7210000000000001,0.185350301,0.25281000000000003,0.0471,0.30890000000000006
Zola Jesus,Okovi,6,0.22086718181818182,0.3248545454545455,0.5117272727272728,0.11764527272727272,0.12476363636363637,0.04017272727272728,0.1294545454545455
Death From Above,Outrage! Is Now,8,0.00193962,0.43570000000000003,0.8654999999999999,0.0540601,0.38921,0.09440999999999998,0.4765
wifisfuneral,Boy Who Cried Wolf,7,0.089264,0.86,0.592,3.0200000000000003e-06,0.14344,0.3852866666666667,0.4620533333333333
Bicep,Bicep,7,0.28546083333333333,0.6220833333333333,0.731,0.7868333333333332,0.1265666666666667,0.07734166666666667,0.4009750000000001
Action Bronson,Blue Chips 7000,6,0.3678846153846154,0.573076923076923,0.7043076923076922,1.0209230769230768e-05,0.26479230769230766,0.41994615384615375,0.5866153846153846
LCD Soundsystem,American Dream,6,0.04984462,0.5982000000000001,0.6902,0.34607699999999997,0.19793999999999998,0.04775,0.5314500000000001
The War on Drugs,A Deeper Understanding,5,0.17481249999999998,0.44799999999999995,0.7253000000000001,0.1327019,0.10918999999999998,0.04274,0.3933400000000001
Oh Sees,Orc,8,0.015769830000000002,0.4476000000000001,0.7574,0.58324,0.20052000000000003,0.054279999999999995,0.39749999999999996
A$AP Mob,Cozy Tapes Vol. 2,4,0.3026,0.7431764705882354,0.6261176470588236,0.002053300588235294,0.20911764705882355,0.3104823529411765,0.3806411764705882
Queens of the Stone Age,Villains,6,0.013995555555555554,0.435,0.7363333333333333,0.11892655555555558,0.15815555555555555,0.09016666666666667,0.45744444444444443
Brockhampton,Saturation II,8,0.49748749999999997,0.6074374999999999,0.5760625,0.00658363,0.25101875,0.14800625,0.5706874999999999
XXXTentacion,17,2,0.6186545454545455,0.6892727272727274,0.2505272727272727,0.012139684545454547,0.1630818181818182,0.2160181818181818,0.34366363636363645
Lil Uzi Vert,Luv is Rage 2,3,0.20319,0.6931249999999999,0.646125,1.76875e-06,0.20603125000000003,0.18968125,0.41613125
Grizzly Bear,Painted Ruins,6,0.19355909090909093,0.4632727272727273,0.716,0.16253945454545457,0.1370818181818182,0.041372727272727276,0.3205454545454545
"King Gizzard & The Lizard Wizard, Mild High Club",Sketches of Brunswick East,5,0.2889430769230769,0.4100769230769231,0.7217692307692308,0.3768181538461539,0.4637692307692308,0.057300000000000004,0.3871538461538462
Everything Everything,A Fever Dream,6,0.19487345454545454,0.4935454545454545,0.6117272727272728,0.0766692681818182,0.17254545454545453,0.04672727272727273,0.4616363636363637
A$ap Ferg,Still Striving,6,0.1598,0.7247142857142856,0.7362142857142857,0.00027886642857142857,0.1992928571428572,0.1884357142857143,0.3420714285714285
Brand New,Science Fiction,7,0.30455075000000004,0.5073333333333333,0.55675,0.12116791666666667,0.261675,0.03663333333333333,0.23725
Alice Glass,Alice Glass,7,0.15407733333333332,0.46649999999999997,0.6075,0.004741166666666667,0.17945,0.07778333333333333,0.19768333333333332
Kodak Black,Project Baby 2,5,0.15622631578947369,0.7500526315789474,0.6018421052631578,1.3e-07,0.16669473684210528,0.23051052631578947,0.29752631578947364
Lil B,Black Ken,5,0.18514357142857146,0.6852142857142856,0.6192142857142856,0.0019857178571428572,0.17894285714285715,0.21603571428571433,0.42271428571428565
Richard Dawson,Peasant,8,0.6758181818181819,0.43672727272727274,0.3619,0.09875661181818182,0.19395454545454546,0.04829090909090909,0.25596363636363634
Milo,Who Told You To Think??!!?!?!?!,7,0.6376000000000001,0.5905333333333334,0.6142,0.0025338766666666663,0.19271333333333332,0.31812,0.44766666666666666
Kesha,Rainbow,7,0.25898499999999997,0.5493571428571429,0.6394999999999998,0.01196142,0.22816428571428565,0.06742857142857142,0.4700714285714286
Igorrr,Savage Sinusoid,7,0.02633771272727273,0.4436363636363637,0.846090909090909,0.4673929090909091,0.20195454545454547,0.1064,0.27059090909090905
Dead Cross,Dead Cross,7,0.0009563600000000001,0.2802,0.9606,0.21320394,0.30898000000000003,0.0759,0.17604
Ski Mask the Slump God,You Will Regret,6,0.1662176923076923,0.7743076923076924,0.6291538461538462,0.002420123076923077,0.28411538461538466,0.23110769230769235,0.5387692307692309
Black Lips,Satan's Graffiti or God's Art?,7,0.15581216666666667,0.40955555555555556,0.7631111111111112,0.048050559444444446,0.2110388888888889,0.04955,0.44316666666666665
Ugly God,The Booty Tape,5,0.30473000000000006,0.7809999999999999,0.3244,9.233200000000001e-05,0.12763,0.29660000000000003,0.20954
Oxbow,Thin Black Duke,8,0.006419125,0.342375,0.69325,0.196645,0.17073750000000001,0.0444875,0.1985
Dying Fetus,Wrong One to Fuck With,8,0.0038032727272727276,0.30518181818181817,0.9515454545454545,0.6768727272727273,0.27251818181818177,0.13285454545454545,0.36972727272727274
Vic Mensa,The Autobiography,6,0.219652,0.5920666666666669,0.6721999999999999,1.0806666666666667e-06,0.24545333333333338,0.23276666666666662,0.37984000000000007
Aminé,Good For You,5,0.36509333333333327,0.7318666666666668,0.4676,1.2333333333333335e-06,0.21256666666666663,0.24396666666666672,0.6100666666666666
Arcade Fire,Everything Now,4,0.1104886923076923,0.528,0.7121538461538462,0.05451491538461539,0.4961538461538461,0.0511846153846154,0.5279230769230769
Nine Inch Nails,Add Violence,6,0.55372,0.45200000000000007,0.7476,0.8284,0.20076,0.17509999999999998,0.23518
Dizzee Rascal,Raskit,6,0.08186062499999999,0.7243125,0.7648125000000001,5.7964375e-05,0.2316875,0.21069999999999997,0.42309374999999994
Shabazz Palaces,Quazarz vs. The Jealous Machines,5,0.251975,0.5700833333333333,0.38725000000000004,0.13964783333333333,0.15921666666666665,0.28224166666666667,0.22025000000000003
Shabazz Palaces,Quazarz: Born on a Gangster Star,3,0.14901636363636364,0.5415454545454547,0.4267272727272726,0.2876850909090909,0.18065454545454546,0.12834545454545454,0.3746636363636364
"Integrity,Howling", For The Nightmare Shall Consume,7,0.010161689285714287,0.14943571428571428,0.8964999999999999,0.5075840500000001,0.27192857142857146,0.09543571428571428,0.20725714285714283
Lana Del Ray,Lust For Life,6,0.4164875,0.4735,0.5107499999999999,0.02409372625,0.1497375,0.05465625,0.22102500000000003
"Tyler,the Creator",Flower Boy,8,0.3625357142857143,0.5654285714285715,0.5642857142857143,0.061929185,0.2838642857142858,0.23238571428571425,0.38
Pissed Jeans,Why Love Now,7,0.018407575833333332,0.449,0.9230833333333335,0.08783992416666668,0.24829999999999997,0.110775,0.33849999999999997
Billy Woods,Known Unknowns,8,0.13537222222222217,0.6570555555555555,0.686,0.014198062777777779,0.27119999999999994,0.3106666666666667,0.4643888888888889
Broken Social Scene,Hug of Thunder,7,0.19975885833333332,0.44316666666666654,0.7263333333333333,0.41900083333333343,0.153975,0.052041666666666674,0.2981833333333334
Haim,Something to Tell You,5,0.21319090909090913,0.6163636363636363,0.681090909090909,0.0010218709090909091,0.23320909090909092,0.07201818181818184,0.5631818181818183
21 Savage,Issa Album,3,0.15865678571428574,0.8344285714285714,0.4655714285714286,0.09747914571428572,0.14824285714285715,0.34407142857142864,0.30027857142857145
Jay-Z,4:44,8,0.2949,0.6019,0.7475999999999999,4.720999999999999e-06,0.26661999999999997,0.3445,0.5576
Guerilla Toss,GT Ultra,8,0.0034994375,0.53975,0.894,0.0498105,0.155275,0.0636125,0.3209
Algiers,The Underside of Power,8,0.21934858333333332,0.31833333333333336,0.8781666666666667,0.25797918833333333,0.26543333333333335,0.09793333333333332,0.20157500000000006
Fleet Foxes,Crack Up,8,0.4471818181818181,0.37554545454545446,0.47445454545454546,0.20898572727272724,0.26018181818181824,0.03389090909090909,0.16240909090909092
Vince Staples,Big Fish Theory,6,0.1853025,0.7153333333333333,0.6051666666666666,0.013065039166666667,0.1914916666666667,0.17145833333333335,0.34565833333333335
King Gizzard & The Lizard Wizard,Murder of the Universe,6,0.18113743809523805,0.3288571428571429,0.7892380952380953,0.26346566666666665,0.4141571428571429,0.07896666666666666,0.24355238095238096
Elder,Reflections of a Floating World,8,0.006873483333333334,0.1955,0.7695,0.6453333333333333,0.18018333333333333,0.05100000000000001,0.21591666666666667
Lorde,Melodrama,7,0.33582818181818175,0.5894545454545455,0.4138181818181818,0.0020061263636363636,0.11390909090909092,0.0795,0.2749090909090909
The Mountain Goats,Goths,8,0.5085000000000001,0.69075,0.4710833333333333,0.40605833333333335,0.142175,0.041324999999999994,0.5545833333333333
The Underachievers,Renaissance,6,0.005997983333333334,0.4949166666666666,0.8478333333333333,0.6835,0.1817,0.0456,0.35366666666666663
Young Thug,Beautiful Thugger Girls,5,0.14120857142857143,0.7123571428571427,0.4906428571428571,2.7142857142857144e-06,0.2263571428571429,0.24450714285714287,0.4115714285714286
Kirin J Callinan,Bravado,8,0.384,0.6054999999999999,0.41,0.11365,0.144,0.03025,0.21
"James McAlister, Sufjan Stevens, Nico Mulhy, Bryce Dessner",Planetarium,5,0.7485470588235293,0.2939588235294118,0.3222823529411765,0.5238358823529412,0.11610588235294117,0.0409,0.10230588235294116
Katy Perry,Witness,6,0.17668823529411767,0.6231764705882352,0.6254117647058823,8.166235294117648e-05,0.12755882352941175,0.06470588235294117,0.3567000000000001
Brockhampton,Saturation,9,0.31938764705882355,0.6534117647058825,0.5248235294117647,0.05369949117647058,0.22084117647058824,0.17745294117647056,0.4855882352941177
Beach Fossils,Somersault,5,0.12119918181818184,0.500909090909091,0.6320909090909091,0.04093820909090909,0.2005909090909091,0.031400000000000004,0.4119090909090909
Roger Waters,Is This the Life We Really Want?,7,0.4885,0.5299166666666666,0.3714166666666667,0.48855833333333337,0.23610833333333334,0.06341666666666668,0.19428333333333336
alt-J,Relaxer,5,0.5494875,0.46675,0.39875000000000005,0.357180125,0.17265,0.04196249999999999,0.2469625
Sinjin Hawke,First Opus,8,0.11941714285714287,0.5358571428571428,0.653642857142857,0.2545273428571429,0.1711428571428572,0.09867857142857143,0.1776857142857143
Lil Yachty,Teenage Emotions,2,0.3071471428571429,0.741,0.492952380952381,4.8375238095238095e-05,0.13562380952380954,0.16905714285714288,0.39543333333333325
(Sandy) Alex G,Rocket,5,0.28489909090909094,0.4512272727272727,0.6436818181818181,0.000576445,0.17976363636363635,0.0499090909090909,0.4213272727272728
Forest Swords,Compassion,8,0.129333375,0.40012500000000006,0.851375,0.10345195375,0.295925,0.07719999999999999,0.373375
Paramore,After Laughter,7,0.12148045333333334,0.6671666666666667,0.7253333333333333,0.07892789583333333,0.11516666666666668,0.038066666666666665,0.6719166666666668
Harry Styles,Harry Styles,4,0.30636090000000005,0.5103000000000001,0.5431999999999999,0.005585653,0.16199,0.03345,0.35050000000000003
Perfume Genius,No Shape,8,0.5914615384615385,0.40207692307692294,0.40626153846153856,0.14837339230769228,0.1302846153846154,0.03799230769230769,0.2663076923076923
Slowdive,Slowdive,4,0.16634137499999999,0.37625,0.625625,0.69735,0.1492625,0.0335375,0.34099999999999997
Full of Hell,Trumpeting Ecstasy,6,9.128545454545454e-05,0.2250909090909091,0.8876363636363636,0.7574000000000001,0.44,0.10975454545454545,0.08051818181818181
Mac DeMarco,This Old Dog,7,0.44780769230769224,0.7118461538461538,0.41791538461538463,0.22422061538461538,0.13255384615384616,0.04285384615384616,0.5770769230769229
Logic,Everybody,5,0.2483615384615385,0.7103076923076923,0.7557692307692307,0.00015152230769230769,0.21156153846153847,0.19683076923076925,0.5071538461538462
Colin Stetson,All This I Do For Glory,7,0.6233333333333333,0.3853333333333333,0.5036666666666667,0.899,0.12123333333333332,0.30945000000000006,0.37333333333333335
Feist,Pleasure,8,0.48619090909090906,0.601090909090909,0.6244545454545455,0.003001450909090909,0.21864545454545456,0.036800000000000006,0.6686363636363638
Gorillaz,Humanz,5,0.2451194230769231,0.4677692307692308,0.7189230769230769,0.08565064692307695,0.3897038461538461,0.1224269230769231,0.3615423076923077
The Smith Street Band,More Scared Than You Than You Are of Me,5,0.19900583333333333,0.35375,0.7656666666666667,0.0001392575,0.20516666666666664,0.07761666666666668,0.4078916666666666
Gas,Narkopop,2,0.17944090909090907,0.2401727272727273,0.16494545454545453,0.7607272727272728,0.12642727272727272,0.04164545454545455,0.074
"Timber Timbre,Sincerely", Future Pollution,5,0.23661444444444443,0.5807777777777777,0.44466666666666665,0.5152633333333333,0.10053333333333332,0.03155555555555555,0.3417777777777778
The Magnetic Fields,50 Song Memoir,7,0.76538,0.46832,0.54392,0.1240993018,0.19592800000000005,0.05281599999999998,0.5070939999999999
Kendrick Lamar,DAMN.,7,0.17544442857142856,0.6629999999999999,0.5848571428571429,0.0061417792857142856,0.2230714285714286,0.2757285714285715,0.4799285714285714
Arca,Arca,5,0.37949333333333335,0.7532666666666668,0.6589333333333334,0.0002992446666666667,0.1807466666666667,0.16876,0.6774666666666668
Joey Bada$$,All Amerikkkan Bada$$,8,0.3811166666666666,0.6511666666666666,0.7151666666666667,3.6e-06,0.2526,0.23540833333333336,0.4456666666666667
Future Islands,The Far Field,6,0.005490666666666667,0.6273333333333334,0.725,0.03513758333333333,0.11704166666666665,0.03885,0.49466666666666664
Father John Misty,Pure Comedy,9,0.6453846153846154,0.419923076923077,0.3255384615384615,0.0004373561538461539,0.1351230769230769,0.0354,0.22203076923076923
Kodak Black,Painting Pictures,4,0.14064500000000002,0.7174444444444446,0.6237777777777779,6.651666666666666e-06,0.11683333333333332,0.21232222222222216,0.3652222222222223
Mastodon,Emperor of Sand,4,2.4019090909090905e-05,0.3567272727272728,0.9653636363636363,0.16793145454545455,0.18181818181818182,0.09056363636363637,0.28230909090909095
Freddie Gibbs,You Only Live 2wice,6,0.16885,0.535875,0.7300000000000001,0.00013085875,0.28850000000000003,0.3103625,0.40175000000000005
GoldLink,At What Cost,5,0.25872685714285715,0.6765,0.6778571428571428,0.09331640714285716,0.20090714285714287,0.24714285714285716,0.5061428571428571
Ibibio Sound Machine,Uyai,8,0.13151500000000002,0.6715000000000001,0.6545000000000001,0.25017775,0.1682416666666667,0.06268333333333333,0.59075
Ondatrópica,Baile Bucanero,7,0.3861933333333333,0.6228,0.6495333333333331,0.235039696,0.2683066666666667,0.07723333333333333,0.8067333333333334
Pallbearer,Heartless,8,0.00632,0.531,0.75,7.6e-05,0.117,0.111,0.198
Mount Eerie,A Crow Looked At Me,9,0.8588181818181819,0.5211818181818182,0.10593636363636363,0.06377066363636363,0.1314727272727273,0.05169090909090909,0.15405454545454544
Remo Drive,Greatest Hits,7,0.11405599999999999,0.7943599999999997,0.7373600000000002,0.001330446,0.239824,0.189644,0.6108399999999999
Havok,Comformicide,7,0.0028065000000000004,0.4957999999999999,0.9717999999999998,0.20255,0.18464,0.16620000000000004,0.22329999999999997
Spoon,Hot Thoughts,7,0.42496999999999996,0.5940000000000001,0.7839,0.23713004,0.21727999999999997,0.05201,0.54196
Real Estate,In Mind,5,0.14123685454545457,0.5153636363636364,0.6659090909090909,0.11942879636363637,0.13682727272727274,0.03009090909090909,0.4920545454545454
Drake,More Life,5,0.19806363636363636,0.7683181818181819,0.4855909090909091,0.02538005,0.26254090909090916,0.21463636363636363,0.37211818181818185
Rick Ross,Rather You Than Me,6,0.08852435714285714,0.5433571428571428,0.7695714285714287,0.0,0.3642928571428571,0.26299285714285714,0.3595714285714285
Your Old Droog,Packs,7,0.12624235294117647,0.6631764705882353,0.5739411764705883,0.020719465294117646,0.31565294117647064,0.257335294117647,0.390070588235294
Laura Marling,Semper Fermina,5,0.6252222222222222,0.47388888888888897,0.3473333333333334,0.02621244444444444,0.1403777777777778,0.049733333333333324,0.3892222222222223
Idles,Brutalism,8,0.06161085384615385,0.3861538461538461,0.8544615384615384,0.058752355384615394,0.2836923076923077,0.08106153846153846,0.3395384615384615
Blanck Mass,World Eater,7,0.0010632900000000002,0.3097428571428571,0.7742857142857142,0.748,0.22177142857142856,0.09145714285714283,0.15822857142857144
Charlie XCX,Number 1 Angel,7,0.0298642,0.6197999999999999,0.6979,0.0018571499999999997,0.26319000000000004,0.053649999999999996,0.29376
Ed Sheeran,Divide,4,0.38228749999999995,0.6610625,0.5784999999999999,7.125e-07,0.14038124999999999,0.06776874999999999,0.5854375
Sleaford Mods,English Tapas,7,0.23689666666666667,0.8992500000000002,0.6195833333333333,0.011368181666666666,0.126175,0.15551666666666666,0.6643333333333333
Xiu Xiu,Forget,8,0.14658937499999997,0.5801875,0.8116874999999999,0.071092709375,0.2008875,0.05390625,0.32506250000000003
King Gizzard & The Lizard Wizard,Flying Microtonal Banana,8,0.3398222222222222,0.4245555555555555,0.8412222222222223,0.5748222222222222,0.26633333333333337,0.046900000000000004,0.5678888888888889
Dirty Projecters,Dirty Projecters,7,0.31322222222222224,0.5283333333333333,0.5536666666666668,0.004465222222222223,0.24314444444444444,0.13914444444444443,0.43799999999999994
Power Trip,Nightmare Logic,7,0.0001519625,0.28112499999999996,0.98525,0.693625,0.2564875,0.14710000000000004,0.20385
Thundercat,Drunk,6,0.5062782608695653,0.5983478260869566,0.5704347826086956,0.26263385217391305,0.15067391304347827,0.07178260869565217,0.463408695652174
Jens Lekman,Life Will See You Now,6,0.0688771,0.7170000000000001,0.5829000000000001,0.002893698,0.13967000000000002,0.045959999999999994,0.5296000000000001
Jonwayne,Rap Album Two,7,0.618975,0.5370833333333334,0.6253333333333334,0.016352633333333335,0.19972500000000007,0.24656666666666668,0.43566666666666665
Future,Future,5,0.09288124999999998,0.75325,0.5079374999999999,0.0040154974999999996,0.1774125,0.27687500000000004,0.5043124999999999
Sun Kil Moon,Common As Light And Love Are Red Valleys Of Blood,9,0.6679375,0.6635624999999999,0.28243749999999995,0.146910625,0.1108,0.1460375,0.33213750000000003
Quelle Chris,"Being You Is Great, I Wish I Could Be You More Often",8,0.35457158823529417,0.5055882352941177,0.7436470588235294,0.027647534705882354,0.3378823529411764,0.2795470588235295,0.5360588235294118
Jesca Hoop,Memories Are Now,7,0.8782222222222222,0.4958888888888889,0.33544444444444443,0.07208369777777779,0.10803333333333333,0.03817777777777778,0.39288888888888895
Lupe Fiasco,DROGAS Light,6,0.037314999999999994,0.7484999999999999,0.7215,3.979285714285715e-06,0.21325000000000002,0.11439285714285714,0.5424999999999999
Sampha,Process,8,0.5365,0.5858000000000001,0.4173,0.02082185,0.24670999999999998,0.07097,0.3806
Iron Reagan,Crossover Ministry,6,0.0015750249999999999,0.24494444444444444,0.8797777777777778,0.008194300555555555,0.35301111111111116,0.0954722222222222,0.2729055555555555
Big Sean,I Decided,6,0.41459285714285715,0.6007142857142858,0.6471428571428571,5.655714285714286e-06,0.2556428571428571,0.19809999999999997,0.3534285714285715
Bedwetter,Flick Your Tongue Against Your Teeth and Describe the Present,6,0.5880244444444445,0.4186666666666667,0.587,0.38911299666666666,0.24672222222222226,0.25555555555555554,0.3423333333333333
Ty Segall,Ty Segall,6,0.1428073,0.30010000000000003,0.56055,0.05103011,0.13679999999999998,0.044340000000000004,0.4234
Migos,Culture,7,0.16881923076923078,0.8276923076923075,0.6972307692307692,9.153846153846154e-07,0.16007692307692306,0.18355384615384615,0.4433076923076923
William Basinski,A Shadow In Time,7,0.8220000000000001,0.14735,0.4325,0.88,0.07089999999999999,0.06755,0.2525
Foxygen,Hang,7,0.140945,0.6970000000000001,0.46159999999999995,8.7258e-05,0.16243,0.04234,0.6275
Wiley,Godfather,8,0.121,0.812,0.615,0.0,0.108,0.368,0.512
Yucky Duster,Duster's Lament,7,0.0020556000000000003,0.553,0.6104,0.1025445,0.1282,0.0278,0.491
Code Orange,Forever,8,0.253,0.529,0.612,0.0,0.246,0.052,0.434
The Flaming Lips,Oczy Mlody,5,0.31636666666666663,0.4895833333333333,0.5431666666666667,0.5492666666666667,0.16525833333333334,0.044250000000000005,0.16921666666666665
The xx,I See You,6,0.474244,0.5641,0.5003,0.15120991,0.13708,0.03868,0.28087
Little Simz,Stillness In Wonderland,5,0.2548808695652173,0.5793913043478262,0.6747826086956522,0.06252820130434782,0.20985217391304345,0.14631739130434782,0.48830434782608695
Nine Inch Nails,Not The Actual Events,8,0.08877031999999999,0.46160000000000007,0.789,0.70958,0.2373,0.06816,0.29159999999999997
Run the Jewels,RTJ3,8,0.0121,0.872,0.719,1.01e-06,0.246,0.235,0.32
"Kid Cudi,Passion", Pain & Demon Slayin',4,0.2771105263157895,0.6437368421052632,0.620263157894737,0.19702210526315786,0.16819999999999996,0.06366315789473684,0.4148947368421053
Injury Reserve,Floss,8,0.11823333333333334,0.6220833333333334,0.6975000000000001,4.758333333333333e-07,0.24150000000000002,0.26415,0.5103333333333334
Ab-Soul,Do What Thou Wilt.,7,0.17725625,0.612125,0.58875,6.752750000000001e-05,0.26513124999999993,0.37526250000000005,0.36737500000000006
J. Cole,4 Your Eyez Only,6,0.5238,0.6828,0.38289999999999996,0.010061682999999998,0.14904,0.22208999999999998,0.31767999999999996
Common,Black America Again,5,0.4526266666666666,0.5887333333333333,0.6022666666666666,0.06362361266666666,0.20523333333333335,0.23243333333333333,0.5186666666666667
Childish Gambino,"Awaken, My Love!",7,0.3023840909090909,0.6097272727272727,0.4732727272727273,0.14247079090909093,0.18214545454545455,0.11835454545454543,0.48666363636363646
The Wytches,All Your Happy Life,6,0.23884181818181816,0.38345454545454544,0.6294545454545455,0.06802971818181819,0.1424090909090909,0.03690909090909091,0.318909090909091
Sleigh Bells,Jessica Rabbit,7,0.06956714285714287,0.4741428571428572,0.7762142857142856,0.08627729428571429,0.18713571428571427,0.08509285714285715,0.31033571428571427
Czarface,a Fistful of Peril,6,0.18244246153846153,0.5503076923076923,0.5505384615384615,0.1199714923076923,0.2807307692307693,0.2672846153846154,0.37923076923076926
The Weeknd,Starboy,5,0.18109444444444447,0.6476111111111111,0.6141666666666669,0.010748494444444444,0.1641111111111111,0.1152111111111111,0.4693333333333334
Metallica,Hard Wired...To Self Destruct,6,3.5229166666666665e-05,0.35441666666666666,0.9661666666666666,0.026350999999999996,0.12034166666666667,0.058733333333333325,0.35083333333333333
Justice,Women,5,0.12992444444444445,0.4464444444444444,0.8377777777777777,0.05978833444444444,0.27282222222222224,0.07348888888888888,0.4034444444444445
Bruno Mars,24k Magic,7,0.042789999999999995,0.6905555555555555,0.6903333333333334,7.864444444444444e-06,0.13526666666666667,0.06698888888888889,0.6958888888888889
A Tribe Called Quest,We Got It from Here... Thank You 4 Your Service,9,0.259074375,0.69825,0.656375,0.006309213750000001,0.2538625,0.23928125,0.554625
Marching Church,Telling It Like It Is,7,0.12947999999999998,0.7015,0.3839,3.5800000000000005e-06,0.09544,0.08092,0.7289999999999999
Kero Kero Bonito,Bonito Generation,8,0.12915749999999998,0.8392500000000002,0.6773333333333332,0.0023327891666666666,0.15190833333333334,0.059824999999999996,0.7421666666666668
Swain,The Long Dark Blue,8,0.15091063846153846,0.47538461538461535,0.740076923076923,0.2715523076923077,0.1655230769230769,0.050576923076923075,0.33445384615384616
Wormrot,Voices,7,0.2531818181818182,0.7047272727272728,0.5140000000000001,0.020654045454545453,0.10096363636363637,0.055054545454545446,0.8095454545454545
Korn,The Serenity of Suffering,4,0.00029441363636363636,0.4586363636363636,0.9129090909090909,0.08582778181818183,0.21765454545454546,0.07059090909090909,0.37345454545454543
Conor Oberst,Ruminations,8,0.7418,0.47879999999999995,0.31700000000000006,0.0005591340000000001,0.15167,0.03859,0.3431
Lady Gaga,Joanne,6,0.21360071428571428,0.6029285714285714,0.5807857142857141,6.244499999999999e-05,0.19750714285714285,0.05770714285714285,0.51785
The Game,1992,5,0.19736431250000003,0.6839999999999999,0.6323124999999999,0.030232528124999998,0.22029374999999995,0.2550625,0.43606249999999996
The Dillinger Escape Plan,Dissociation,7,0.002056191818181818,0.29509090909090907,0.8944545454545455,0.08672968818181818,0.24556363636363637,0.18539090909090905,0.16649999999999998
Crying,Beyond the Fleeting Gate,8,0.10504100000000001,0.41370000000000007,0.7939,0.24544900000000003,0.24436,0.05997,0.43970000000000004
Jeff Rosenstock,Worry,8,0.09019588235294118,0.3783529411764706,0.7773529411764706,0.0,0.3801764705882353,0.062058823529411763,0.4454705882352941
American Football,American Football,5,0.27256088888888885,0.48277777777777775,0.6818888888888889,0.3616566666666667,0.1419888888888889,0.03188888888888888,0.2828888888888889
NxWorries,Yes Lawd!,7,0.29224736842105264,0.559421052631579,0.6841578947368422,0.005055852105263159,0.27389473684210536,0.23333684210526315,0.6259999999999999
Green Day,Revolution Radio,3,0.07710094166666667,0.4479166666666667,0.8605833333333336,0.0007826966666666666,0.24272499999999997,0.05680833333333334,0.5535083333333334
Oathbreaker,Rheia,4,0.29048689,0.22532999999999997,0.53143,0.25234915,0.25545,0.07036999999999999,0.06178
Solange,A Seat At The Table,8,0.6380142857142856,0.6327619047619046,0.4415904761904762,0.0798254761904762,0.19222380952380955,0.15509523809523812,0.5422857142857144
Banks,The Altar,5,0.2882307692307692,0.49769230769230777,0.4969230769230769,0.0035520561538461537,0.1975769230769231,0.05937692307692308,0.3338153846153845
Regina Spektor,Remember Us To Life,8,0.6921818181818181,0.42863636363636365,0.3493636363636364,0.011119190909090908,0.17828181818181818,0.04382727272727272,0.2674636363636363
Nicolas Jaar,Sirens,6,0.023515636363636364,0.5703636363636364,0.8582727272727273,0.04667863636363637,0.33889090909090913,0.0635,0.6066363636363635
Bon Iver,"22, A Million" ,5,0.8673,0.4338,0.30010000000000003,0.14985804,0.11648999999999998,0.08680000000000002,0.24243
Danny Brown,Atrocity Exhibition,9,0.21092999999999998,0.6083999999999999,0.7543333333333333,0.0013889653333333332,0.21541333333333332,0.20601333333333333,0.47259999999999996
Neurosis,Flames Within Flames,8,0.6306,0.32409999999999994,0.18346,0.0026297499999999997,0.11473,0.03950000000000001,0.14528999999999997
Mick Jenkins,The Healing Component,5,0.2826066666666666,0.531,0.5946,5.198e-05,0.2912733333333334,0.4563066666666667,0.3485333333333333
Wilco,Schmilco,6,0.478,0.6546666666666666,0.45040833333333347,0.3667388333333333,0.15524166666666667,0.05644999999999999,0.5331666666666667
Preoccupations,Preoccupations,8,0.25871977777777777,0.32433333333333336,0.7771111111111111,0.7974444444444444,0.2671444444444445,0.08233333333333334,0.1965111111111111
Touché Amoré,Stage Four,8,0.020039495833333334,0.312,0.9475000000000002,0.0036246125000000003,0.12953333333333333,0.06809166666666666,0.3376666666666666
Street Sects,End Position,8,0.000525068,0.42590000000000006,0.8953999999999999,0.07962789999999999,0.4812,0.13706,0.21920000000000006
Mac Miller,The Divine Feminine,4,0.479826,0.6419999999999999,0.4983000000000001,0.0053694829999999995,0.19967000000000001,0.19751000000000002,0.4481
Nick Cave & The Bad Seeds,Skeleton Tree,8,0.752375,0.311,0.37849999999999995,0.2508180675,0.14621249999999997,0.0375875,0.1291125
M.I.A.,A.I.M.,4,0.234624,0.44749999999999995,0.26126499999999997,0.3978314,0.42953,0.12278000000000003,0.080639
clipping.,Splendor & Misery,8,0.2613932,0.4607333333333334,0.5367999999999999,0.23934149333333332,0.1972533333333333,0.22471333333333332,0.17956666666666668
Glass Animals,How To Be a Human Being,6,0.3004636363636363,0.6588181818181819,0.5214545454545454,0.049770520909090905,0.19104545454545452,0.1166090909090909,0.5765454545454545
Isaiah Rashad,The Sun's Tirade,6,0.1927194117647059,0.6962352941176471,0.6069411764705882,0.017104106470588236,0.37142941176470584,0.277135294117647,0.5052294117647058
of Montreal,Innocence Reaches,5,0.07782858333333334,0.5594999999999999,0.7474999999999999,0.15327945333333334,0.19874166666666662,0.038141666666666664,0.42829166666666657
Angel Olson,My Woman,8,0.283601,0.3862,0.4473,0.001060563,0.12489999999999998,0.03229,0.32943
Travis Scott,Birds in the Trap Sing McKnight,3,0.20259285714285716,0.6737142857142857,0.6264999999999998,0.003886032857142857,0.22746428571428576,0.11503571428571427,0.3613714285714286
Vince Staples,Prima Donna,7,0.2542857142857143,0.6952857142857143,0.6111571428571428,0.0027521214285714285,0.2609571428571429,0.32785714285714285,0.4557142857142858
Young Thug,Jefferey,7,0.1079,0.7888,0.5775,1.3248000000000001e-05,0.21203,0.21884,0.49239999999999995
Carly Rae Jepsen,Emotion: Side B,8,0.08787375,0.7556249999999999,0.75925,0.0003642,0.239325,0.0571375,0.57625
Ka,Honor Killed the Samurai,8,0.232444,0.33020000000000005,0.6245,0.002968972,0.29660000000000003,0.08248,0.4753
AJJ,The Bible 2,5,0.1414167281818182,0.4764545454545454,0.6341818181818182,0.18811666090909088,0.20538181818181814,0.07165454545454544,0.4591363636363637
Crystal Castles,Amnesty (I),4,0.12294436363636363,0.41754545454545455,0.7202727272727274,0.3154658763636364,0.17695454545454548,0.17872727272727273,0.21733636363636366
Thee Oh Sees,A Wierd Exits,8,0.003387555,0.34812499999999996,0.6952499999999999,0.6214999999999999,0.2366,0.06486250000000002,0.14549999999999996
Rae Sremmurd,SremmLife2,6,0.07576545454545454,0.8019090909090909,0.628,2.0198181818181816e-05,0.18112727272727272,0.09234545454545455,0.3106363636363636
PartyNextDoor,P3,4,0.157489375,0.5343749999999999,0.47737499999999994,0.0041238756250000005,0.19185625,0.08141250000000001,0.24559374999999997
Lil Uzi Vert,The Perfect Luv Tape,3,0.22025,0.7705,0.5674999999999999,7.66e-07,0.15181000000000003,0.22206,0.41769999999999996
Noname,Telefone,8,0.644,0.6204999999999999,0.5087999999999999,0.0022175220000000004,0.11918000000000002,0.3548,0.629
Ghoul,Dungeon Bastards,7,0.00012081200000000001,0.4269000000000001,0.9501999999999999,0.70301,0.15457,0.10782,0.33394
Descendents,Hypercaffium Spazzinate,5,0.0030154,0.4391428571428572,0.9831904761904762,0.015930820952380957,0.24785238095238096,0.13001428571428572,0.5907142857142856
2 8 1 4,Rain Temple,6,0.41258262500000004,0.23226249999999998,0.55575,0.691960125,0.300875,0.043300000000000005,0.08483750000000001
Show Me The Body,Body War,8,0.16634859999999999,0.38310000000000005,0.7253000000000001,0.07157308999999999,0.1992,0.10541,0.36261
Bones,PaidProgramming2,7,0.3098584,0.64012,0.46784,0.17522083560000007,0.14745600000000006,0.075324,0.275588
DJ Khaled,Major Key,6,0.17829071428571433,0.6074285714285715,0.6678571428571429,0.00014900785714285714,0.22744285714285714,0.22609285714285712,0.3882142857142857
Kemba,Negus,7,0.3817916666666667,0.5011666666666668,0.6028333333333332,0.045063266666666664,0.27826666666666666,0.1539416666666667,0.3945833333333333
Gucci Mane,Everybody Looking,6,0.1297213333333333,0.8158666666666667,0.4724666666666666,2.7817999999999997e-05,0.14786666666666667,0.16418,0.28602666666666665
Lil Yachty,Summer Songs 2,5,0.3332842142857143,0.7156428571428572,0.5626428571428571,0.0010276764285714285,0.17782142857142857,0.24719285714285716,0.2998571428571428
Bat For Lashes,The Bride,5,0.5229777777777778,0.6423888888888887,0.5041666666666667,0.016057693888888887,0.1689166666666667,0.06218888888888888,0.5277777777777778
The I.L.Y's,Scum With Bounderies,8,0.09523776363636366,0.34998181818181817,0.8695454545454545,0.021567510909090908,0.16573636363636363,0.13173636363636365,0.3322818181818181
Apathy,Handshakes With Snakes,7,0.16863846153846154,0.5298461538461539,0.7289230769230769,0.07050454,0.3819230769230769,0.3216230769230769,0.5749461538461539
Clams Casino,32 Levels,7,0.21002625,0.5642916666666667,0.49570833333333325,0.31834120125000004,0.2139791666666666,0.08215,0.24790833333333331
ScHoolboy Q,Blank Face,5,0.1879535294117647,0.678705882352941,0.7090588235294119,2.1990588235294114e-05,0.17141764705882356,0.20581764705882355,0.38718823529411767
BADBADNOTGOOD,IV,7,0.20752,0.6848,0.6,4.6665333333333335e-05,0.12324,0.12841999999999998,0.503
Woods,City Sun Eater in the River of Light,7,0.15577000000000002,0.6148,0.6700999999999999,0.17548678,0.14551999999999998,0.03323,0.7908999999999999
Deerhoof,The Magic,7,0.3112727272727273,0.466909090909091,0.48654545454545456,0.08340126818181819,0.17888181818181817,0.053690909090909095,0.47361818181818177
The Avalanches,Wildflower,7,0.15533300000000003,0.5769333333333333,0.5858666666666666,0.002218913333333334,0.14195333333333335,0.029079999999999998,0.5251333333333333
Logic,Bobby Tarantino,5,0.10099846153846154,0.7346153846153846,0.6312307692307692,6.672923076923077e-05,0.11980769230769231,0.18150000000000005,0.463976923076923
Blood Orange,Freetown Sound,6,0.36830705882352943,0.6178823529411764,0.5694117647058823,0.017577277647058825,0.321264705882353,0.08814705882352943,0.36040000000000005
case/lang/veirs,case/lang/veirs,7,0.5072,0.5,0.5049285714285714,0.04466372857142858,0.16951428571428573,0.039421428571428566,0.41178571428571425
Riff Raff,Peach Panther,4,0.19084583333333335,0.8365833333333333,0.6840833333333333,2.4067500000000003e-05,0.16365,0.13618333333333332,0.46125
Red Hot Chilli Peppers,The Getaway,5,0.17636746153846156,0.5395384615384615,0.7308461538461538,0.03001540230769231,0.17686923076923075,0.07063846153846152,0.5518461538461538
Kodak Black,Lil Big Pac,3,0.08884,0.6696,0.5952,0.0,0.15038,0.2231,0.3278
Swans,The Glowing Man,9,0.19389375,0.21337499999999998,0.5720000000000001,0.35095212500000006,0.1773125,0.0428375,0.071275
clipping.,Wriggle,7,0.21444833333333335,0.6933333333333334,0.7713333333333333,6.55e-07,0.27068333333333333,0.3054333333333334,0.5371666666666667
Jon Bellion,The Human Condition,5,0.16826714285714287,0.5794285714285714,0.5828571428571429,0.0001275757142857143,0.11889285714285715,0.12025000000000001,0.45471428571428574
Nails,You Will Never Be One of Us,8,3.239e-06,0.14558,0.9557,0.8737999999999999,0.27349999999999997,0.13570000000000002,0.08774
YG,Still Brazy,8,0.20905294117647058,0.6737647058823529,0.4812411764705882,0.037649547058823535,0.20404705882352941,0.30111176470588236,0.25824705882352944
Xenia Rubinos,Black Terry Cat,8,0.3387421428571429,0.6949285714285713,0.43442857142857144,0.12184949785714286,0.09977142857142855,0.10240714285714288,0.4647357142857143
Joey Purps,iiiDrops,7,0.13435727272727271,0.5997272727272727,0.7925454545454546,7.154545454545455e-06,0.21357272727272728,0.23198181818181818,0.509818181818182
Olga Bell,Tempo,7,0.0025281428571428573,0.7504285714285713,0.9294285714285715,0.34194,0.39172857142857137,0.18152857142857146,0.7135714285714286
Vic Mensa,There's Alot Going On,5,0.16461428571428569,0.636,0.6442857142857142,0.0,0.18935714285714284,0.34014285714285714,0.32314285714285707
